{
    "root_group": {
        "name": "",
        "path": "",
        "id": "d41d8cd98f00b204e9800998ecf8427e",
        "groups": {},
        "checks": {
                "status 200": {
                    "id": "fad9fa412b86fcb03bee97c80dcd61f1",
                    "passes": 0,
                    "fails": 15686,
                    "name": "status 200",
                    "path": "::status 200"
                }
            }
    },
    "metrics": {
        "data_received": {
            "count": 1788204,
            "rate": 425.69119777725194
        },
        "data_sent": {
            "count": 1549728,
            "rate": 368.92075431491327
        },
        "checks": {
            "passes": 0,
            "fails": 15686,
            "value": 0
        },
        "vus": {
            "max": 10,
            "value": 1,
            "min": 1
        },
        "http_req_waiting": {
            "med": 0.139947,
            "max": 6.919954,
            "p(90)": 0.2752055,
            "p(95)": 0.3146215,
            "avg": 0.17632945212291207,
            "min": 0.037743
        },
        "iterations": {
            "rate": 3.7341333138355437,
            "count": 15686
        },
        "http_req_failed": {
            "passes": 15686,
            "fails": 0,
            "thresholds": {
                "rate<0.01": true
            },
            "value": 1
        },
        "http_req_connecting": {
            "min": 0,
            "med": 0,
            "max": 0.198767,
            "p(90)": 0,
            "p(95)": 0,
            "avg": 0.00007815389519316587
        },
        "vus_max": {
            "value": 10,
            "min": 10,
            "max": 10
        },
        "iteration_duration": {
            "avg": 2496.8165704323155,
            "min": 1001.328365,
            "med": 2504.3639155,
            "max": 4000.70469,
            "p(90)": 3690.150441,
            "p(95)": 3842.77817575
        },
        "http_req_blocked": {
            "avg": 0.005556502040035716,
            "min": 0.001729,
            "med": 0.004772500000000001,
            "max": 0.441731,
            "p(90)": 0.0069370000000000005,
            "p(95)": 0.00790675
        },
        "http_req_tls_handshaking": {
            "avg": 0,
            "min": 0,
            "med": 0,
            "max": 0,
            "p(90)": 0,
            "p(95)": 0
        },
        "http_req_receiving": {
            "avg": 0.04825788180543175,
            "min": 0.007518,
            "med": 0.043169,
            "max": 1.124025,
            "p(90)": 0.06510350000000001,
            "p(95)": 0.07986025
        },
        "http_req_duration": {
            "p(90)": 0.350138,
            "p(95)": 0.39980775,
            "avg": 0.24363244205023613,
            "min": 0.067816,
            "med": 0.208618,
            "max": 7.768354,
            "thresholds": {
                "p(95)<2000": false
            }
        },
        "http_reqs": {
            "count": 15686,
            "rate": 3.7341333138355437
        },
        "http_req_sending": {
            "min": 0.006097,
            "med": 0.0168705,
            "max": 1.980388,
            "p(90)": 0.025070000000000002,
            "p(95)": 0.0280825,
            "avg": 0.019045108121892175
        }
    }
}